Номер статьи;Название статьи
№ 1;Statistics classes don’t teach you about money
№ 2;How The New York Times Uses Machine Learning To Make Its Paywall Smarter
№ 3;Coping with Copilot
№ 4;5 Pandas Group By Tricks You Should Know in Python
№ 5;Practical guide for choosing an appropriate strategy for transfer learning in NLP
№ 6;End-to-End Machine Learning with High Performance and Cloud Computing Tutorial at IGARSS 2022
№ 7;Infusing Ethics in AI: Causes, Effects, and Mitigation
№ 8;Using generative AI for image manipulation: discrete absorbing diffusion models explained
№ 9;Content Quality
№ 10;Table manners for the Data Scientists
№ 11;198K
№ 12;76K
№ 13;Related Topics
№ 14;Top Writers
№ 15;Frank Andrade
№ 16;Giorgos Myrianthous
№ 17;Jim Clyde Monge
№ 18;B. Chen
